ID,results,comments,sus
36,criticism,SUGIRO QUE O SIMULADOR TRAGA MAIS INFORMAÇÕES SOBRE AS REGRAS DE TRANSIÇÃO.,"82,5"
38,positive feedback,Poderia ter opção para o usuário validar as informações usadas na simulação ,80
69,suggestion,"Sugiro inserir na simulação, não apenas as datas, mas os valores, com base no contracheque mais atual, informando, obviamente, que não são valores gerados apenas para simulação.",70
74,not pertinent,"Achei simples e fácil de usar, além de muito oportuno, pois é uma demanda grande para nós que trabalhamos na gestão de pessoas.  ",95
81,suggestion,Acho que seria interessante que o simulador escolhesse ou ajudasse a escolher a melhor lei para a gente optar na hora de se aposentar. ,"62,5"
87,suggestion,"O simulador não retornou nada, nem mesmo a prévia que o mesmo informa, então para mim não houve utilidade do mesmo.","52,5"
94,criticism,"O simulador deveria importar os dados do Meu INSS e da Carteira de Trabalho Digital, fornecendo informações coerentes sobre o tempo de aposentadoria. E não focando apenas no tempo de serviço publico do SIAPE atual.
Sei que breve teremos novidades e um recurso muito melhor, quem sabe, até averbando automáticamente o tempo de serviço do servidor em outros locais.","47,5"
102,suggestion,É uma ferramenta  muito útil no momento em que os departamentos de RH estão sobrecarregados e com pouco pessoal. Como o programa faz a previsão da aposentadoria ele acaba permitindo sabermos quando podemos solicitar nosso abono permanência se esse for o objetivo. Parabéns aos responsáveis.,100
132,criticism,"Sugiro ampliarem o cálculo fazendo uma projeção, mesmo que com ressalvas, para quem ainda não preencheu os requisitos para a aposentadoria ",80
137,positive feedback,"É uma ferramenta muito útil e que eu sentia bastante falta. Certeza que será sucesso! 
No entanto, o campo onde precisamos eleger qual o tipo de aposentadoria precisa ser melhor orientado.
Todas as opções que apareceram pra mim estão realmente disponíveis?
São muitas opções que permitem uma confusão. Elas poderiam ser mais claras.
","42,5"
153,not pertinent,Não posso respeitar um simulador que não respeita o servidor PCD. vindo de um governo que se diz inclusivo é um falha gritante. Mas como nenhum governo não diferencia nem a progressão funcional do servidor PCD quem dirá a aposentadoria. Na hora certa eu sei que terei que ir pra justiça. Isto nunca vai mudar.,50
163,not pertinent,"Gostei muito de ter acesso ao simulador de aposentadoria. Mas onde recorrer em caso de dúvidas. Então temos uma ótima ferramenta, mas gostaria que tivéssemos um suporte as dúvidas referentes a simulação efetuada. Obrigado. ","62,5"
164,suggestion,"A dificuldade não foi de uso, mas de entendimento da parte legal.","77,5"
169,criticism,O Simulador tem ser mais explicativo ao ponto de qualquer servidor de qualquer qualquer seja capaz de compreender os mínimos detalhes envolvido. Um bom sistema de ajuda e faq embutido no app ajudaria muito. Já seria um bom começo.,30
170,positive feedback,"Faltou constar o valor do Benefício Especial. Também deveria levar em conta as ações judiciais, com incorporação de valores automático, ou de uma forma mais fácil e ágil....","77,5"
219,criticism,"As funções do simulador em si são simples de serem usadas, mas faltam muitas informações. Ou seja, achei muito vago. No meu caso, três opções para aposentadoria integral sem nenhuma explicação. 
Outra coisa, como fica o tempo averbado para fins de aposentadoria? Isso será considerado numa atualização? É um dado que praia estar disponível no sougov, o tempo total que já foi averbado para que o cálculo seja condizente. 
Agradeço a iniciativa! É um tema de muito interesse, que precisamos entender.",75
227,suggestion,"Deveria estar um texto disponível explicando, com mais detalhes, as opções legais de aposentadoria do servidor público ou então, um vídeo explicativo para melhor esclarecimento da ferramenta ",10
229,criticism,"Não gostei, causou-me estranheza e insegurança, dessa forma me estimulou a não prosseguir até o fim! ","72,5"
244,criticism,"O sistema traz diversas opções e não sei qual delas é mais benéfica. Também não ficou claro se posso me enquadrar entre as três opções disponíveis conforme meu interesse. Igualmente não vi diferença financeira entre as 3 opções que estavam disponíveis na simulação que fiz. Pode ser desconhecimento da minha parte, mas seria interessante que se há mais de uma opção efetivamente (o que ainda não entendi), que elas estejam arroladas em ordem crescente de vantagem para o servidor.",40
271,criticism,Faltou adicionar ao simulador a opção para cálculo de aposentadoria especial para servidor com deficiência ou que desempenha suas atividades em ambiente insalubre ou perigoso (que faz jus a adicional de insalubridade ou periculosidade). ,"82,5"
276,suggestion,O simulador poderia ter um link para a norma correspondente a cada simulação e não somente citar a correspondência na lei.,55
280,criticism,"Infelizmente,  boa parte dos servidores que precisam deste serviço, precisam também saber dominar o conhecimento da informática. ","47,5"
285,criticism,Faltam os valores da aposentadoria ,80
289,criticism,"Seria mais útil que fosse disponibilizada a planilha de cálculo, ou ao menos a memória de cálculo propriamente dita, com as fórmulas utilizadas. Isto sim caracterizaria um simulador propriamente dito.",80
291,positive feedback,"Estão de parabéns com a iniciativa. 
Mas poderia ter duas funcionalidades adicionais:

1) alguma opção relativa ao tempo de aposentadoria especial, no caso de servidores que tem insalubridade.  
2) no caso de aposentadoria proporcional,  os valores estimados. ",95
315,positive feedback,"Não sei como seria a forma, mas acredito que deveria ficar mais evidenciado a possibilidade de usar o descarte legal de contribuições. A possibilidade de aumentar o valor do benefício incial do benefício de aposentadoria, em muitos casos, é expressivo.",75
333,suggestion,"Faltou colocar memoria de calculo de tempo averbado e simulação do impacto dessa memoria de calculo no valor do beneficio.

Faltou simular o valor do beneficio mesmo para quem ainda não tem direito a aposentadoria. ",75
342,criticism," Creio que o simulador deveria ser mais fácil e mais explicativo. Aparecem mensagens as quais não entendo. Penso que se é uma ferramenta para o servidor ter noção sobre a aposentadoria, o recurso de deveria ser mais fácil e intuitivo.","7,5"
356,suggestion,A proposta é ótima. Mas parece precisar de aprimoramentos. Não entendi porque o resultado de todas as opções foi zero. Não é clara a diferença entre as opções de simulação. Sugestão: elaborarem vídeos com explicações com linguagem clara e demonstrações com exemplos hipotéticos.,"12,5"
360,positive feedback,Um recurso que faltava,80
371,criticism,"Sou servidora movimentada para outro órgão e o simulador não funciona para mim. No perfil do órgão de origem aparece a mensagem ""Erro ao acessar rotina O92116GX. Código: 1. Mensagem: SERVIDOR(A) SEM DADOS DE INGRESSO NO SERV. PÚBLICO."" No perfil do órgão de exercício atual aparece a mensagem ""Sua situação funcional não se enquadra entre as previstas para simulação de aposentadoria."" ",45
373,suggestion,"O simulador busca o que está somente no CNIS, mas a informação no CNIS nem sempre expressa a realidade, como no meu caso computou 1 ano a menos.",85
395,criticism,"O SIMULADOR É ÓTIMO, RUIM VAI SER MINHA APOSENTADORIA SÓ EM 2058. ","97,5"
419,criticism,Em nenhuma das possibilidades consegui simular o valor de minha aposentadoria. ,"37,5"
421,suggestion,"O simulador não leva em conta a aposentadoria de servidor com deficiência, que é APOSENTADORIA ESPECIAL. Para mim é uma falha séria. ","72,5"
430,not pertinent,"Ouvi dizer que,  caso o servidor opte por se aposentar pela condição da média dos recolhimentos,  a paridade dos reajustes serão condicionadas aos reajustes do INSS. Talvez seja importante deixar esclarecido essa condição para o servidor ter mais insumos para sua decisão. ",95
445,positive feedback,"Fácil de usar, apesar de eu achar que o calculo da mina aposentadoria estar errado",60
456,suggestion,Sou deficiente físico e não encontrei a opção de simulação. A partir de quando estará disponível?,90
460,criticism,"Achei uma ótima iniciativa incluir o simulador de aposentadoria no SouGov. Ainda falta muito tempo para me aposentar, então não sei busquei informações específicas nem posso falar sobre inconsistências. De modo geral, o sougov fica melhor e facilita a vida do servidor a cada nova funcionalidade. Acredito que é uma forma de responder às dúvidas dos servidores com mais celeridade, ao mesmo tempo em que retira dos setores de recursos  humanos tarefas mais simples e que podem ser automatizadas. ",70
468,positive feedback,"Achei excelente! Sua utilização evitará sobrecarga de trabalho para os órgãos de Gestão de Pessoas, principalmente, em processos de Abono de Permanência, uma vez que quem tem direito a aposentadoria, faz juz ao abono de permanência.","87,5"
472,criticism,Sugiro q haja um manual (link) q explique a legislacao e também  ajude a optar entre as alternativas que resultam no melhor provento estimado.,35
476,criticism,Penso que colocar exemplos hipotéticos de aposentadoria poderia contribuir para o entendimento mais efetivo.,"77,5"
480,criticism,"O simulador é útil sim. Mas a informação mais importante não é clara. Qual aposentadoria é mais vantajosa. Qual escolher, no caso de se enquadrar em todas. ",50
500,suggestion,"Triste porque vi que ainda falta muito tempo para aposentar!
Mas excelente funcionalidade.","82,5"
507,suggestion,"Apesar de já estar no periodo de aposentar, não consegui passar da primeira etapa. Creio que esteja em fase de implantação e portanto, ainda necessitando de ajustes. Considero uma importante ferramenta para agilizar o processo de simulação de aposentadoria e consequentemente podermos avaliar as possibilidades, garantindo os melhores benefícios. ",90
528,criticism,"O simulador está excelente! Simples, com as informações básicas necessárias a uma boa compreensão do que nos espera. A necessidade de mudança não está no simulador, mas na regência da aposentadoria, que fica cada vez mais distante dos trabalhadores.",100
553,suggestion,Pra quem não domina a legislação ou trabalha em RH...acho que fica um pouco confuso. ,45
558,suggestion,"Achei péssimo o app, me senti burra. Não consegui entender o que ele descrevia nas opções. Dificílimo ",20
561,criticism,"Pretendo usar outras vezes e aprender cada vez mais. Provavelmente, ao usar com mais frequência, a familiaridade ajudará com o uso.",30
565,suggestion,"Gostaria que fosse disponibilizado cálculo estimado do valor da aposentadoria.

Ainda tenho dúvidas sobre a regra para os servidores que ingressaram no serviço público entre 2004 e 2013. Como é a contagem de tempo para aposentadoria e qual o cálculo para saber o valor a receber na aposentadoria.",65
570,not pertinent,Creio que deveria informar o melhor cálculo ao invés de termos que entrar um por um para saber qual o mais vantajoso ,"47,5"
603,suggestion,"Sugiro apontar claramente no simulador qual situação é mais favorável para o servidor se aposentar com os benefícios integrais, eximindo de futuras ações judiciais.",55
617,criticism,"Podem ser inseridos dois  campos:
1. Com estimativa de valor da aposentadoria;
2. O servidor consiga inserir ou suprimir tempo de contribuição, para ajustar a pesquisa.",95
620,suggestion,"Na minha opinião faltou a opção de permitir que o servidor informe de forma manual os períodos de trabalho. Quando têm vínculos em outros órgãos o aplicativo não busca de forma correta todos os períodos. Portanto,  sem poder informar de forma manual a simulação fica prejucada.",85
645,not pertinent,"As minhas opiniões podem não refletir as de grande parte dos servidores porque eu já tive contato com o antigo simulador da CGU, com o do INSS, mas mesmo assim achei bem intuitivo esse Simulador do SouGov. ¿¿","92,5"
646,positive feedback,Falta apenas à valor a receber,50
647,suggestion,"Prezados, deveria ter um campo que incorporasse o tempo de serviço do Regime Geral (INSS), e apresentasse ao servidor qual opção melhor de aposentadoria, isto é, pelo Regime Próprio ou pelo Regime Geral. 
Tivesse um campo para emissão da certidão de solicitação de averbação para os dois Regimes.

Sem mais,
Christiane.",55
648,positive feedback,"O simulador precisa ser mais objetivo. Por exemplo: se o usuário não se enquadra em nenhuma regra transitória, isso deveria estar claro, apresentando para ele apenas a situação real e possível para a aposentadoria.","47,5"
655,criticism,"Acho que sistema deveria indicar a modalidade mais vantajosa para o servidor. Quem tem mais de uma opção fic inseguro de escolher, achando que pode estar perdendo alguma coisa.",70
667,positive feedback,"Gostei do simulador de aposentadoria, seria interessante acrescentar uma aba de pendência de documentos, pois solicitei simular minha aposentadoria pelo SEI, e houve pendência de documentos que estou tentando obter de outros local de trabalho anterior e do INSS (os quais demoram a dar retorno). Solucionar essas pendências com antecedência seria de muita utilidade, para o interessado a se aposentar não ter que fazer isso depois, quebrando a expectativa da aposentadoria. ",100
668,suggestion,"Muito boa a iniciativa. De uma forma bem objetiva, me apresentou respostas que eu nunca conseguia obter com precisão no órgão em que trabalho. Gostaria de sugerir somente uma breve explicação das leis mencionadas, que por vezes o texto não parece tão claro para o leigo. Adorei o simulador e pretendo utilizá-lo de tempo em tempo. 
Super grato pelo empenho no desenvolvimento.","82,5"
687,criticism,"O que faltou na simulação foi a opção de incluir tempo já que a maioria não tem a CTC ainda , mas gostaria de simular com a opção de inclusão para saber se vale a pena ","42,5"
693,criticism,"O grande problema do simulador, são as atualizações, dependendo dos setor e dos recursos humanos, que são ineficientes.","97,5"
709,criticism,"O simulador só conta o tempo que falta para as duas opções de tempo de contribuição a partir da data de ingresso no serviço público. Não dirime dúvida alguma, não informa nada novo. Talvez agilize alguma coisa no caso de um servidor que já tenha cumprido os requisitos pra aposentadoria, o que não ¿é o meu caso. Se houver alguma funcionalidade nesse caso, pode ter alguma utilidade, mas aí a pessoa com certeza já terá o apoio do seu setor de gestão de trabalho e não é mais necessário um simulador.",45
721,criticism,"Não entendi porque o simulador não contabilizou a licença premio que não gozei enquanto servidora municipal. 
A contagem das contribuições apresentam 8 meses de diferença do início do meu exercício no serviço público. 
Não observei dados dados sobre a insalubridade  o que fornece  outros calculos tanto para o tempo como para valores.
O servidor podendo ser de esferas variadas poderia ter um demonstrativo para cada, e ao final a unificação. 
Não vi local para envio de dúvidas ( siglas, perfuntas)",95
723,criticism,"O simulador poderia ter um campo em que fosse inserido o tempo de outros órgãos públicos e/ou INSS que ainda não foram averbados. Já que há muitos servidores com tempo anterior ao ingresso no órgão ou Serviço Público e que ainda não averbou. Tal inclusão facilitaria sobremaneira a verificação. Além disso, poderia ter outras opções de aposentadoria como por doença e o cálculo do valor previsto da aposentadoria.",65
726,suggestion,"Não foi possível consultar o  meu tempo de contribuição até o momento e no meu entendimento seria importante ter essas informações pessoais no sistema, não sendo focado somente a quem está prestes a aposentar-se.
Também não foi possível a verificação da averbação do meu tempo em relação ao INSS no sistema, documento esse o qual já apresentei ao RH há muito tempo.",40
733,criticism,"O sistema é confuso. Não é possível saber o tipo de aposentadoria em que nos enquadramos.
O sistema também não apresenta informações sobre o ""benefício especial"" para aqueles que fizeram a opção pelo RGPS.
","37,5"
746,suggestion,"As condições para implementação deveriam ser mais claras, com as regras descritas em campo aberto","72,5"
759,positive feedback,"Simulador com cálculo diferente do apresentado no processo informado pelo SEI.

",65
768,suggestion,"Achei muito ruim, inconsistente, ambíguo, como está não vai ajudar ninguém ",35
777,criticism,"Dúvidas: Fiquei preocupada em estar usando o aplicativo, com as diversas formas, e no momento da minha aposentadoria, o sistema utilizar as minhas escolhas sem ao menos eu repensar na época.","62,5"
785,positive feedback,Deveria haver explicação dos fundamentos legais para os requisitos que eu devo preencher. Não tenho ideia do qual me encaixo.,30
790,suggestion,"Achei ótimo, facilitou muito o acesso a esse tipo de informação liberando o pessoal do Rh desse tipo de demanda. Parabéns!",95
793,suggestion,"Tentei simular a Aposentadoria da LC 142,  mas não encontrei a opção. ","52,5"
817,criticism,"Ainda fiquei com dúvida, como o que seriam os requisitos preenchidos e como fazer para preencher los. 
Não entendi quanto poderei ganhar após a aposentadoria.","72,5"
819,suggestion,"Como ainda não cumpri com os pré-requisitos legais para me aposentar, não tenho muitas informações a receber, mas acredito que ele seja muito útil. Em breve, pretendo voltar a usá-lo já com os requisitos atendidos e aí sim poderei verificar melhor esta ferramenta.",80
827,positive feedback,"O simulador não apresenta opções de aposentadoria do servidor com deficiência, previsto na Reforma da Previdência. Importante colocar esta opção para os servidores que se encaixam nesta opção.","57,5"
830,suggestion,Acho muito importante esta ferramenta. Podendo desta forma dar uma orientação a tomada de decisão do servidor. Somente acho que poderiam nos ajudar a decidir a mais favorável na hora de decidir  o tipo de aposentadoria que deveríamos optar. fazendo um comparativo entre as opções.,"87,5"
834,criticism,"No meu caso o Simulador apresentou problemas por não integrar os diferentes cargos que tive e, portanto, não trouxe um resultado conclusivo.",70
835,suggestion,Gostaria de sugerir que houvesse dentro do simulador um local para enviar mensagem para tirar dúvida ou um e-mail que pudesse tirar dúvidas ou pedir acertos sobre as informações condidas no simulador.,"77,5"
838,suggestion,Gostaria que fosse incluída a simulação com pessoas em situação de deficiência.,95
846,criticism,"Bom dia. É necessário, em minha opinião, a clara indicação do porquê há várias opções/períodos apresentados para eventual ano de aposentadoria. Em que pese estar citado dispositivos legais, seria preciso esclarecimentos adicionais sobre cada opção apresentada, e se há perda no valor a receber de acordo com a opção.",30
854,suggestion,O simulador poderia carregar as contribuições anteriores e já efetuar os cálculos das projeções.,"47,5"
863,criticism,Mais divulgação no e-mail do servidor,55
864,positive feedback,"É bem fácil utilizar o simulador, mas a legislação é bem confusa. No meu caso apresentou três opções. Acho que deveria ser apenas uma.

","62,5"
879,criticism,"Seria interessante, diante das informações disponíveis do Servidor, que o Simulador indicasse as melhores opções, tendo em vista os proventos e as vantagens/desvantagens após a aposentadoria.
Quais seriam as vantagens e desvantagens de cada opção, considerando a possibilidade de enquadramento em qualquer uma delas?",60
882,suggestion,"Sou professor do ensino básico, técnico e tecnológico e não encontrei uma das opções que fosse adequada a minha situação. ","22,5"
883,suggestion,Não entendi o item Desconsiderar PSS.,75
885,not pertinent,"Na listagem dos fundamentos legais o texto é muito técnico, com termos que não são claros para o servidor, Trabalho com Gestão de Pessoas e mesmo assim encontrei dificuldade no entendimento do texto. O trecho ""Pedágio XX por cento"" não esclarece, ao contrário confunde. ....por cento de quê? Abatimento ou valor?

Não encontrei informação sobre a incidência dos reajustes (igual ao Regime Geral ou equiparado ao ativo?)
","32,5"
898,suggestion,Ele não leva em conta a legislação sobre aposentadoria de portadores de deficiência.,70
900,criticism,"Minha insatisfação como o simulador está no fato de não existir simulação de aposentador do servidor portador de deficiência, pois tenho visão monocular e pela jurisprudência seria uma deficiência leve para efeito de aposentadoria e o simulador não oferece simulação de aposentadoria de portador de deficiência.",50
902,criticism,O Simulador precisa melhorar a exemplo da primeira opção de aposentadoria que não aparece o valor da aposentadoria....,65
915,criticism,"Algumas pessoas não vão conseguir entender os Art. aplicados ao Simulador, tenho certeza que muitos não sabem os significado e conteúdo dos arts, seria mais viavel a exploração desses itens ...",55
937,positive feedback,"Está uma porcaria, deveria colocar o cálculo correto, visto que coloca apenas informações vagas.",70
943,criticism,"Acredito que no futuro essa ferramenta será muito útil, isso quando todos os casos pontuais e específicos como regras de transição e e aposentadorias especiais. ","62,5"
972,criticism,Não apresenta opção para quem é PCD ou em caso de pensão ,"87,5"
977,criticism,"Tenho cerca de 20 de contribuição pela CLT. Gostaria de cadastrar esses períodos para que a simulação fosse mais acertiva. 
O simulador está ótimo em usabilidade, mas sem os dados de contribuições anteriores, seus cálculos ficam fora da realidade.
Ainda assim, parabéns a toda a equipe.",70
978,criticism,"Aplicativo muito útil e facilita a vida da gente, principalmente os que têm dúvidas sobre como fazer o pedido.",100
992,criticism,"Simulador é um pouco difícil não no sentido de acessibilidade e manuseio, mas esta precisando de um profissional na área que possa dar explicações, tirar duvidas e esclarecimentos sobre os diversos tipos de aposentadoria e a que tipo o servidor se enquadra pertinente ao contexto que esta no sistema.",40
1003,not pertinent,Espero que o simulador permaneça no sougov e que tenha sempre melhorias e opções de simulação em relação às mudanças na carreira,"82,5"
1004,criticism,"Considerar outros formatos de introdução de dados como por exemplo, telefones com prefixos de outros países, também a informação de contribuição em outros sistemas.",50
1005,not pertinent,"Parabéns! Desejo que em breve a aposentar especial por deficiência ou atividades específicas também possa estar disponível, facilitando o acesso a informação e diminuindo a demanda de consultas aos setores de aposentadoria das instituições.","82,5"
1026,criticism,"Acessei o simulador, porem não havia base de dados no meu caso especifico para realizar a simulação e fui aconselhado a buscar, a unidade pagadora do meu orgão, ou seja para mim o simulador é ineficaz","52,5"
1076,criticism,Acho que mesmo não tendo o tempo para calcular o aplicativo deveria apresentar a simulação de valores com base nos valores recebidos  atualmente ,"72,5"
1081,criticism,"O simulador não contempla os servidores com deficiência que tem uma aposentadoria diferenciada, sou servidora com deficiência, já recebo abono de permanência (que também foi difícil conseguir, pois os servidores não estão preparados ou não entendem a legislação), e não consegui fazer a simulação, diz que não tenho tempo para aposentadoria. Nem servidores, nem sistemas estão adequados/preparados para atender os servidores com deficiência. Muito triste essa exclusão.","72,5"
1083,suggestion,"Os valores informados estão totalmente fora do que a realidade.  Não simula o valor real.  Irá confundir uma pessoa mau instruida e irá pensar que o valor informado lá é real;

Vai dar muita confusão. è melhor rever isso.  Vai prejudicar muitas pessoas","42,5"
1093,criticism,"Gostei muito do dispositivo que simula a aposentadoria, Utilizarei sempre que houver alguma alteração na minha condição funcional para que eu possa planejar minha aposentadoria de forma mais próxima da realidade, assim terei ideia de quanto receberei na ocasião em que estarei aposentada.

",90
1097,not pertinent,"Boa Tarde,

Utilisei o simulador e achei bem simples e interativo, porém o sistema não conseguiu simular MINHA APOSENTADORIA POR MÉDIA ARITMETICA, disse que há inconsistência no meu CADASTRO, para eu procutrar o meu RH, lamentavel, pois mei acervo tá todo atualizado tenho centrze disso. JORGE ANTONIO PASSOS PADILHA, CPF 39614549300, SIAPE 1099319. estes são meus dados.  ","72,5"
1113,suggestion,"Sugiro que dentre as opções de simulação de aposentadoria a regra de aposentadoria compulsória fosse o limite. Ao realizar uma simulação, o sistema demonstra a opção de regras acima dos 75 anos.
Também não apresenta o valor aproximado dos proventos com o percentual de médias conforme o tempo de serviço.","57,5"
1124,positive feedback,Ótima ferramenta para nos ajudar a decidir sobre a melhor opção de aposentadoria.,95
1137,criticism,Colocar link para acesso a explicações sobre as vantagens e desvantagem de cada opção. ,40
1141,criticism,As diferentes opções precisam estar mais claras para o servidor. Fiquei confusa se faz na média ou paridade. Explicitar as diferenças ajudariam,65
1145,criticism,Ótima iniciativa. A legislação p aposentadoria é um labirinto.,"67,5"
1171,criticism,Valores da aposentadoria; apresentar quais as regras mais vantajosas.,75
1177,suggestion,"Achei a ''pesquisa'' irrelevante; 
ainda, o sistema nao abre completamente toda vez. 
De fato, tentei enviar 4 vezes sem sucesso porque nunca se abriam todas as perguntas do itma 2.
 É para isso que incomodam a gente?

Quanto ao resultado do simulador, ele foi ridiculo. 
Segundo esse simulador, minha aposentadoria ocorreria em 2079.","52,5"
1178,criticism,"Parabéns pelo desenvolvimento do Simulador de Aposentadoria!!
Essa ferramenta facilita muito a consulta sobre a expectativa de tempo para aposentadoria e o acesso a informações relevantes como a indicação do valor estimado a ser pago ao servidor a partir da aposentadoria.
Considero o uso da ferramenta fácil e intuitivo. 
Gostei muito!
",100
1208,criticism,"Deveria ter opção de incluir dados para ser fidedigno o simulado. No meu caso aguardo uma averbação protocolado no SIPPS desde 2018 para acerto dos dados funcionais.

",45
1211,criticism,"Não consegui saber o valor estimado que receberei por mês. Na última tela (passo 4) vem um resumo, mas não apresenta valor algum. Não ficou intuitivo. ",70
1214,not pertinent,"Falta o cálculo do BENEFÍCIO ESPECIAL do §1º do art. 3º da Lei 12.618/2012: garantido aos servidores que ingressaram no serviço público antes do RPC e fizeram a opção posteriormente.
Sou servidor efetivo desde 2008 e fiz a opção pelo limite ao teto de contribuição e pela Previdência Complementar em 2017. O cálculo do Benefício Especial é fundamental para o meu planejamento de aposentadoria. Sendo item importante para a decisão de maior ou menor investimento complementar na Funpresp.",95
1218,suggestion,Minha sugestão é que o simulador aponte ao final da simulação qual é o mais indicado tipo de aposentadoria que deve utilizado pelo servidor. Isso ajudaria muito os servidores pouco familiarizados com o sistema de aponsentadoria.,"72,5"
1235,suggestion,Há discordância dos dados,"52,5"
1284,criticism,Bastante objetivo e fácil de usar. Poderia haver ícones que informem sobre a legislação de cada opção.,90
1292,not pertinent,"Devem ter mais clareza de escolha do artigo que devemos escolher para aposentadoria, visto que, temos muitas duvidas e pouco esclarecimento da opção.
Deveria ter de imediato a melhor opção.",50
1301,suggestion,"A dificuldade não está na utilização do simulador em si, mas sim em estabelecer a fundamentação legal em que melhor me encaixo: EC103 10 §1º I    ou     EC103 20 §2º II - PEDAGIO - MEDIA","47,5"
1314,positive feedback,"A iniciativa é louvável, mas abaixo da apresentação das bases legais deveria haver uma explicação mais detalhada sobre o tempo previsto. Por exemplo, a desastrosa reforma previdenciária de 2019 introduziu 'pedágios' que destruíram uma longa expectativa de aposentadoria para a minoria que entrou no serviço público federal antes de 2003. Nesse quesito, deveria ser claramente detalhado o tempo referente ao tal 'pedágio' e não apenas exibir o novo tempo total previsto para a aposentadoria. Grato.",100
1335,suggestion,"Agradeço a oportunidade. Estou com processo de aposentadoria mas a ""gestão de pessoas"" do IFMG-GV dispôs uma simulação com previsão diferente. Só que as certidões de tempo de contribuição são as mesmas que alimentei esse app e que eu juntei ao meu órgão, no processo de aposentadoria. O que vocês acham?","82,5"
1341,positive feedback,"Os dados parecem bem claros, poderiam usar cores para enfatizar as opções de aposentadoria.","67,5"
1345,suggestion,"Não tenho conhecimento suficiente para entender as simulações apresentadas no simulador. 
São tantas leis que acabei me perdendo no meio do caminho.
Com certeza se faz necessária a presença de um servidor com total conhecimento de leis para explicar qual a real situação quando da época de minha aposentadoria.
Mas acho válido o simulador e parabenizo quem o idealizou.",25
1355,criticism,"Foi uma iniciativa muito relevante. Gostaria de sugerir se possível, já que está simulando valores, mais detalhes , quase como um contra cheque de aposentado.",90
1358,suggestion,"
Está faltando a aposentadoria do deficiente. Seria importantíssimo abranger os deficientes.

",90
1374,criticism,"Com tantas variantes fica difícil avaliar a melhor opção de aposentadoria, sem ter o conhecimento específico do RH",45
1382,suggestion,"Sugiro criar um canal para tirar dúvidas a respeito da simulação de aposentadoria. No meu caso, veirifiquei alguns valores destoantes que não entendi e não tinha a quem recorrer para sanar minha dúvida.","97,5"
1392,suggestion,"A simulação não deixa claro qual seria o valor do benefício a que o servidor teria direito, caso continuasse no mesmo cargo atual até atingir os requisitos.",75
1410,positive feedback,Muito bom. Simples . A maior dúvida recai nos fundamentos legais  em que se baseiam os cálculos. A apresentação  de 3 opções de simulação me confundiu um pouco mas  bastou ler os fundamentos com calma para entender. Talvez isto possa impactar com outros servidores. ,"97,5"
1431,criticism,"Gostei muito de utilizar o Simulador de Aposentadoria, pois antes de entrar em funcionamento esta ferramenta no SOUGOV, eu tinha que recorrer à internet para fazer a simulação da minha aposentadoria.  Achei uma ferramenta fácil de usar.  Ademais, as informações fornecidas pelo Simulador de Aposentadoria vão me permitir realizar um planejamento mais concreto sobre o meu futuro.   ",100
1437,not pertinent,"A crítica que faço ao simulador de aposentadoria é que não possibilita uma simulação para o servidor que fez opção, nos termos da lei nº 14.463, de 26 de outubro de 2022, pelo  Regime de Previdência Complementar de que trata a Lei nº 12.618, de 30 de abril de 2012, pois não calcula o Benefício Especial (BE).","47,5"
1447,criticism,O simulador não traz a opção para servidores com deficiência fazerem simulações de acordo com suas particularidades. ,50
1466,positive feedback,Aproveito a ocasião para elogiá-los. O Simulador de Aposentadoria é muito fácil de ser usado e muito efetivo. Nos traz informações preciosas com muita confiabilidade.,80
1487,criticism,"Não consegui usar, a simulação que fiz,, só dava erro, independente da opção que e escolhia. E para minha surpresa, o servidor do meu Rh não soube me instruir, dizendo que não tem conhecimento acerca da ferramenta.
Complicado.",20
1526,positive feedback,Nada a declarar minhas dúvidas foram tiradas com exitos,"52,5"
1536,not pertinent,"Não sei se é o fato de ser algo novo portanto posso não ter ainda conhecimento pleno do simulador mas gostaria de ver nas simulações a informação sobre as regras de reajuste. Sei, por exemplo, que existem opções em que o reajuste acompanhará o que for definido para o pessoal da ativa de minha carreira ou poderei optar por reajuste anual independente do que for definido para o pessoal da ativa.
",100
1539,criticism,Inclusão de informações sobre averbações realizadas e que podem compor a aposentadoria.,"72,5"
1584,positive feedback,"Tentei usar o simulador, mas infelizmente não consegui o que precisava, pois parece que o sistema desconsidera as informações funcionais já existentes e não faz o cálculo. Lamentável não ter uma calculadora pra simular aposentadoria de forma transparente.",20
1594,positive feedback,No meu caso ainda falta muito tempo para aposentadoria e não consegui chegar ao final da simulação porque não tinha um dado que estava sendo solicitado. ,80
1599,not pertinent,"Achei difícil encontrar a melhor opção, a que favorece ao servidor, uma vez que não tenho conhecimento profundo das leis.","37,5"
1629,suggestion,Para o meu conhecimento foi de grande valia.,"57,5"
1631,criticism,O simulador poderia indicar uma forma da pessoa interessada fazer o cálculo do valor mensal que irá receber quando preencher os requisitos para se aposentar.,"67,5"
1655,positive feedback,"Simulador é péssimo, não faz nenhuma simulação ou previsão real, apenas apresenta um diagnóstico de acordo com o que já aconteceu na vida funcional do servidor. ",50
1668,criticism,"Existem relatos de que profissionais mais experientes, trabalhadores do IBGE, que algumas das regras de aposentadoria disponibilizadas estão inconsistentes com as leis alteradas em mais de um pe¿ríodo ... favor corrigir! ","42,5"
1703,positive feedback,Faltou esclarecer os critérios de aposentadoria; incluir uma previsão do valor da aposentadoria e qual das opções seria mais vantajosa para o servidor.  ,"77,5"
1705,positive feedback,"No meu caso, parece 3 opções de Requisitos Preenchidos para simular e não consegui compreender muito bem cada uma das situações somente com o resumo que ele apresenta. Sugiro colocar um texto mais prático e objetivo para facilitar a compreensão.",35
1718,criticism,Poderia melhorar o aplicativo no sentido de mostrar qual a opção mais vantajosa para aposentadoria.,60
1724,suggestion,teria que ser mais consistente com informações fundadas e fácil do servidor localizá-la.,25
1761,suggestion,"Como ainda falta um certo tempo para a minha aposentadoria, não consegui usar.",20
1765,criticism,"Achei a ferramenta muito útil, pois apresenta informações confiáveis e as várias opções de aposentadoria. ",100
1788,criticism,"Acho válido a construção de ferramentas que garanteam acesso às informações previdenciária, pois podemos detectar e corrigir inconsistências antes da real necessidade de solicitar o serviço/benefício. ",85
1792,positive feedback,"A pesquisa é sobre a funcionalidade da ferramenta que está muito adequada e fácil.  A outra questão que a pesquisa não capta é o conteúdo.  É compreender sobre as regras da aposentadoria, que deveria ter junto ao simulador um campo de explicação sobre integralidade, tempo pra expulsória. Segundo ponto, na funcionalidade não carrega o tempo de serviço anterior que está averbado no cadastro do servidor. Só conta o tempo de serviço da matrícula atual não dando a dimensão real do tempo.
","77,5"
1802,suggestion,"Tinha aberto um processo pra simular minha aposentadoria, o resultado seu idêntico ao simulador do seu Gov. eu achei muito pratico, perfeito.
Obrigada
Elza",85
1821,positive feedback,"Sugiro a possibilidade de alterar dados para fins de simulação, já que as informações constantes do sistema nem sempre correspondem à realidade (por exemplo, tempo de serviço decorrente de contagem recíproca).",85
1826,positive feedback,"Achei o simulador intuitivo e de fácil manuseio.
No meu caso a data de nascimento está com um dia de diferença ( até contactei o RH para verificar.
Em resumo uma ótima ferramenta.","92,5"
1831,suggestion,"Uma ferramenta muito boa, mas poderia estar com acesso mais facilitado, em especial para os servidores com mais de 50 anos.",80
1854,not pertinent,Muito bom colocar a disposição do servidor informações que são importantes para o servidor. Parabéns!,90
1876,suggestion,Facilitou acesso ao simulador sem recorrer ao setor responsável. ,"67,5"
1879,positive feedback,"Achei a iniciativa de criar um simulador de aposentadoria muito útil para o Servidor. Antes de se aposentar, o Servidor tem a possibilidade de comparar as diversas situações em que se enquadra, dando a ele uma noção do valor que receberá quando da passagem para a inatividade. Parabéns pela iniciativa, ainda mais pela facilidade de manuseio da ferramenta.
",100
1888,suggestion,"Ferramenta útil e intuitiva. Acredito que os valores de contribuição apresentaram inconsistência, especialmente em datas muito antigas (2008/2009). Como sugestão de evolução na plataforma, seria extremamente valioso se pudesse estimar o valor da aposentadoria.","77,5"
1898,criticism,Poderia colocar exatamente o tempo que falta para o servidor aposentar e também que permitisse simular mesmo que ainda não tenha tempo suficiente.,"72,5"
1923,criticism,"Considero que ficou desumanizado. As pessoas num momento tão importante, ficam com dúvidas e, certamente, gostariam de fazer perguntas, dissipar dúvidas  ...
Também considerei pouco didático, parece-me que busca a praticidade, mas estamos falando de vidas, logo, há nuances a serem observados.",30
1927,positive feedback,"O simulador não apresenta nenhuma informação sobre o benefício especial para quem aderiu ao Regime de Previdência Complementar. Deveria apresentar uma previsão do valor do benefício especial, uma vez que a base de cálculo já se encontra disponível na relação de remunerações de contribuição.","87,5"
1947,criticism,"Sugiro incluir mais informações nos resultados da simulação, são informações complexas de compreender , nesse ponto sim é preciso um profissional para ajudar a entender.",80
1982,not pertinent,Falta incluir a informação de valor estimado do valor da aposentadoria. ,85
1994,positive feedback,Nas opções de aposentadoria que aparecem deveria ser melhor esclarecido o tipo de aposentadoria.  Por exemplo a emenda que exige 100% de pedágio da direito à aposentadoria integral com paridade?,"97,5"
2010,positive feedback,Poderia haver uma explicação sobre as vantagens e desvantagens de cada caso,70
2034,positive feedback,Gostaria que este simulador trouxesse mais informações  sobre cada amparo legal para adquirir a aposentadoria e quando teríamos direito ao abono de permanência. ,85
2039,suggestion,Parabéns pelo Aplicativo!,"97,5"
2051,suggestion,"Todas as situações simuladas aparecem valores de provimento mensal iguais (teto), independente do tempo de aposentadoria (se em 2031, 2035, etc) e tenho certeza de que isso não é verdade. Ou seja, o simulador está simulando de forma errônea, causando confusão ao servidor. ","37,5"
2053,criticism,Nasci em 1974. Trabalho desde 1998. O aplicativo apresenta estimativas de aposentadoria para depois de 2070. Já terei morrido.,"17,5"
2057,positive feedback,As informações oferecidas no simulador são muito limitadas à data provável de aposentadoria. Poderia incrementar com dados financeiros e outras informações importantes para entender melhor o cálculo da aposentadoria.,"52,5"
2070,suggestion,FALTA SIMULAR TAMBÉM O BENEFÍCIO ESPECIAL PREVISTO NA LEI Nº 12.618/2012.,45
2143,suggestion,Deveria exibir na tela do celular os valores do benefício a ser recebido ,70
2159,positive feedback,Única inconsistência que encontrei foi que o simulador não levou em conta que entrei no serviço público antes de 2003 e que ainda tenho direito a aposentadoria com paridade e integralidade. Do resto os vínculos estão corretos.,75
2188,not pertinent,"O simulador é fácil e intuitivo de usar. Entretanto, não fornece valores financeiros. Quanto, de fato, o servidor vai receber de aposentadoria, caso opte por cada cada uma daquelas opções? Vou precisar da ajuda de algum contabilista com conhecimento em serviço público federal, para saber, realmente, qual seria a melhor opção para mim.
Mas já foi um avanço. Parabéns pela iniciativa.","62,5"
2192,criticism,"Muito importante e relevante o simulador de aposentadoria.. tem coisas que precisamos entender melhor, com a explicação de um profissional conhecedor do caso.
","42,5"
2201,positive feedback,"Gostaria que a parte de simulação de valor fosse melhor explicada. Entrei em 2007 e não optei pela FUNPRESP, e meu desconto de previdência nao se limita ao teto. Entendo que minha aposentadoria não seria limitada ao teto, mas isso não fica claro na simulação, pois aparece o valor da média e o teto do inss ao lado, sem qualquer explicação.","72,5"
2203,suggestion,Sou servidor com deficiência então gostaria que tivesse a opção do simulador para aposentadoria que se encaixe nas regras do caso do deficiente.,90
2213,positive feedback,"Uma Ferramenta fácil e prática, não consegui ver inconsistências talvez pela minha falta de conhecimentos sobre a metodologia de Cálculo e critérios para a aposentadoria, mas é uma ferramenta para ter  uma ideia do montante a ser pago após aposentadoria a que já atingiu os pré-requisitos.",90
2216,suggestion,Deveria ser inserido todas as outras regras de transição para simulação da aposentadoria do servidor.,90
2226,suggestion,não tive dúvidas nem dificuldade foi fácil  ,"57,5"
2231,suggestion,O simulador está apresentando muitas inconsistências e tem poucas informações para o usuário entender as datas. Em algumas simulações as datas aprecem zeradas ou não estão de acordo com as informações.,20
2239,criticism,"Acredito que não é o App que seja complicado, mas com as novas regras para se aposentar será necessário criar dentro do aplicativo janelas/ícones para tirar algumas dúvidas. São tantas modalidades de aposentadoria que não sabemos o que fazer!","57,5"
2243,suggestion,Sou leigo no assunto então acho que é difícil para mim entender várias coisas nesse simulador.,10
2250,criticism,Já deveria apontar qual a mais vantajosa para o servidor e incluir a informação do direito ao abono de permanência ,"57,5"
2269,criticism,Aplicativo de fácil uso.,"72,5"
2270,suggestion,"O simulador não abrangeu todas as opções previstas nas legislações vigentes. No meu caso, ingressei no serviço público em junho de 2002, antes da Reforma de 2003, e a opção que me garante a paridade com base na última remuneração não foi exibida. Trabalhei na prefeitura de 2002 até novembro de 2010 e, desde então, estou no meu atual órgão. Acredito que o simulador tenha considerado apenas o último vínculo, o que pode ter causado a ausência das regras aplicáveis para quem ingressou até 2003..",70
2280,positive feedback,"A percepção gerada ao usar o simulador é que o resultado apresentado pode ser falso, o próprio simulador já se esforça em dizer que há muitas variáveis que talvez podem alterar o resultado, em uma tentativa de desqualificar a própria projeção da data de aposentadoria apresentada. 
","87,5"
2282,criticism,"Precisei contratar uma advogada para que ela fizesse a simulação para mim. Tenho CTC averbada no INSS e, ainda assim, não consegui fazer a simulação pelo aplicativo. ",20
2284,positive feedback,"O simulador deveria permitir incluir períodos que não constas na base do siape, como tempo de RGPPS, pra uma efetiva simulação real 
e consequentemente , precisão na definição dos fundamentos legais de reconhecimento do direito .
.",60
2289,positive feedback,O aplicativo está intuitivo. Será bastante útil. ,100
2296,criticism,Acrescentaria aba indicando qual a melhor opção para o(a) servidor(a).,"82,5"
2299,positive feedback,"Apareceram 3 opções para aposentadoria. Utilizando apenas o artigo da EC mostrado, eu discordei de algumas contas....
Pode ser que existam outros artigos que não conheço...","87,5"
2307,positive feedback,"Para quem é da área jurídica o simulador é fácil de ser utilizado e compreendido. Para quem não é da área jurídica (ou não trabalha com RH) acho que há espaço para melhorias e simplificações (no sentido de tornar mais fácil a compreensão do seu resultado). Sugiro, de igual modo, um simulador de cálculo de proventos de aposentadoria paralelamente ao simulador de aposentadoria, considerando o valor das remunerações constantes do próprio sistema do GOV.BR (SIGEPE)e também, com integração ao CNIS.","82,5"
2321,criticism,"O simulador é excelente. 
Sugiro que seja incluída a opção, no final das diversas situações de aposentadoria, ""MELHOR OPÇÃO PRA VOCÊ"".
Como me enquadro em várias opções, não tenho convicção de qual seria a opção mais vantajosa. Por isso, precisaria do apoio de uma pessoa mais experiente que pudesse me indicar a opção mais vantajosa.",85
2327,suggestion,"Não existe uma Ajuda para tirar dúvidas.
Trabalho há 18 anos na Fiocruz. Tenho direito a licença prêmio?
Não tenho? Por que não tenho?",80
2338,criticism,"Poderia haver algum link para direcionar a uma página de legislação, perguntas e respostas. 
Estou um pouco alheio às questões de aposentadoria e percebo a necessidade de uma capacitação para entender melhor onde me enquadro no sistema da Funpresp e identificar o que seria necessário para melhorar meus ganhos.","87,5"
2342,positive feedback,Falta a possibilidade de lançar informações não averbadas do INSS. Ou mesmo integração com esse. ,"77,5"
2343,criticism,"SERIA INTERESSANTE SE TIVESSE APENAS UMA OPÇÃO. AQUELA QUE O SERVIDOR SE ENQUADRA. NO SISTEMA TEM A FICHA FUNCIONAL DO SERVIDOR, ENTÃO QUE O PRÓPRIO SISTEMA JÁ DEFINA O TIPO DE APOSENTADORIA¿.EM QUAIS REGRAS O SERVIDOR VAI SE ENQUADRAR .. NO MEU CASO FICOU COM BASTANTES DÚVIDAS. EU SOU PROFESSOR DA CARREIRA EBTT, MAS ATUO TB NA CARREIRA DO SUPERIOR DO INSTITUTO FEDERAL DI MARANHÃO. FIQUE NA DÚVIDA , SEM SABER EM QUE REGRA EU ME ENQUADRO¿","22,5"
2348,suggestion,Os valores apresentados no Simulador ficaram bem em linha com os cálculos que eu já tinha feito.,"87,5"
2351,suggestion,Faltou aparecer o valor da simulação,85
2355,positive feedback,"Achei bom dispor desse simulador,  más a conclusão da minha simulação não ficou muito clara. Poderia ser mais objetiva e explícita.",55
2357,criticism,"Sou professor novo, tomei posse este ano 2024 então me mostra a mensagem que ainda não estou habilitado para ...","62,5"
2359,suggestion,Informações incompletas!,50
2363,positive feedback,Espero que as informações que constam ali sejam confiantes para que possamos tomar a decisão. Parabéns pelo trabalho,100
2373,criticism,"Caso os Sistemas do INSS funcionassem de uma forma melhor, sem inconsistências, sem erros e sem instabilidades seria melhor ",65
2388,criticism,"1 mesmo que o servidor ainda não tenha direito a aposentadoria, deveria fazer o cálculo com valores para o servidor ter uma noção do valor que vai aposentar;
2 abrir campo para lançar averbação do RGPS, também com lançamento de valores, para um cálculo mais preciso. ",85
2401,criticism,"Como fica a situação dos servidores que ingressaram antes da EC 20 no que tange a atual alteração realizada em 2019. Não há o direito a PARIDADE e INTEGRALIDADE? 

Passou a ser ""Expectativa do DIREITO"", também?",65
2402,suggestion,"Eu não entendi o funcionamento do simulador. Existem diferentes datas de aposentadoria. Eu consigo me aposentar em todas aquelas datas? Quais as diferenças? Na simulação não gerou valores de aposentadoria. No aplicativo não considera o tempo de trabalho e contribuição anterior a entrada no IFSP. O simulador não me esclareceu nada, só me deixou confuso.","22,5"
2419,suggestion,"Achei uma ótima solução de acompanhamento da situação atual, especialmente pelo fato de que a DEforma da previdência de 2019 destruiu grande parte dos direitos de aposentadoria com vários retrocessos.

Seria importante que o simulador englobasse situações diversas, envolvendo mais de um tipo de contribuição, como por exemplo tempo de contribuição anterior do INSS, se a pessoa é ou não vinculada à FUNPRESP e qual seria o cenário APÓS solicitar aposentadoria, se haverá atualização salarial, etc.

","82,5"
2425,criticism,"Parabéns pela ferramenta, fácil de usar. Como sugestão, a ferramenta poderia informar somente a forma mais vantajosa de aposentadoria para o servidor. Na simulação realizada, obtive cinco opções para requerer aposentadoria, MAS uma delas as vantagens apresentadas eram superiores às demais, então, essa foi a escolhida para simular a aposentadoria. Uma dúvida, esse simulador traz informação confiável? Fiquei muito otimista com o resultado obtido.","97,5"
2426,positive feedback,"Fácil de usar, porém, para quem tem dificuldade com sistemas, os normativos podem confundir.",70
2438,criticism,Uma ferramenta que contribui para transparência dos direitos vinculado às respostas rápidas e eficiente das dúvidas de cálculos de aposentadoria.  Eficiência na resposta para o cidadão em qualquer lugar com Internet.  Sem filas e sem espera. ,"92,5"
2446,positive feedback,"Achei complicado estimar o valor da aposentadoria. Não fica claro.
Mesmo não tendo tempo de contribuição pra fazer o cálculo exato, o simulador poderia fazer uma estimativa em função dos valores recebidos no momento.","27,5"
2450,criticism,"Nem todas as respostas vem acompanhadas da lei que determina a possibilidade de aposentadoria. Talvez citar a lei seria melhor, mas fácil de consultar para compreender o pq não pode ainda aposentar ou pq o servidor não atende a exigência. ","97,5"
2471,positive feedback,"Prezados, acredito que o simulador de aposentadorias precisa ser mais acessível para servidores que não dominam o assunto.

Principais problemas:
Dificuldade na interpretação dos resultados
Complexidade da informação
Falta de clareza nos documentos gerados

Sugestões:
Esclarecer o significado dos valores apresentados
Simplificar a linguagem
Incluir explicações sobre termos e conceitos
Oferecer guia passo a passo
",20
2487,criticism,"Tenho a impressão de que algumas funções ou informações estão um pouco ""escondidas"". Não foi possível sabe do que se tratavam certas funções antes de realmente usá-las. Na dúvida, não acessei alguns botões importantes, até que recebi informações de pessoas mais experientes para acessar.","82,5"
2494,not pertinent,"O simulador é muito importante, entretanto ele não puxa o tempo que já averbei de outros vínculos, portanto, neste caso específico, se torna inútil. Sugiro fazer adequação para que possamos ter resultados mais concretos. ",70
2496,criticism,"Contra o simulador nada a declarar, só elogios.  Quanto ao resultado da minha consulta, que achei ótimo por sinal, é que não entendi porque aquela informação não foi tão confiável, pois me pediram um documento chamado CTC, emitido pelo INSS, e eu já tendo um emitido pouco tempo após o meu ingresso no Órgão (CTS) que foi aceito e utilizado para a averbação concluída na minha matrícula funcional.  Seria o atesto do atesto?",90
2502,criticism,Há previsão de incluir a simulação de aposentadoria do servidor com deficiência? Sou autista nível 2 de suporte e tenho interesse em simular aposentadoria considerando a deficiência ,"72,5"
2509,suggestion,Como está vinculado ao sigepe seria mais prático se pudesse observar os resultados apenas digitando a data de início no serviço público. Ao vincular várias opções vai trazer algumas dificuldades!,45
2515,criticism,Gostei muito da ferramenta. Vai ajudar muitos servidores a se programar na sua carreira e definir qual  a melhor opção de aposentadoria que irá escolher.,"92,5"
2522,criticism,"o aplicativo é INÚTIL para meu caso pois optei pelo sistema Benefício Especial + Teto INSS + funpresp, e estes calculos não estão disponíveis. ",40
2538,not pertinent,"Considerando a importância do tema aposentadoria, gostaria de sugerir cursos rápidos de formação para uma aposentadoria mais tranquila, pode ser também dicas de investimentos a longo prazo, diálogos com psicólogos que tratam da temática aposentadoria.  Enfim, um programa pensado para se pensar uma aposentadoria tranquila.",95
2543,criticism,Poderia ter uma simulação dos descontos de previdência e IRPF bem como excluir as piores situações de aposentadoria para cada situação individual ou manter somente as melhores situações para cada servidor. ,65
2545,criticism,Não consigo fazer nenhuma simulação pois informa tempo de contribuição insuficiente e também não informa como seria o suficiente para a simulação. ,65
2551,suggestion,Poderia incluir no simulador o tempo de afastamento para aperfeiçoamento e tempo de insalubridade,"87,5"
2566,suggestion,"Não se trata de um problema exatamente do Simulador de Aposentadoria, mas sim de interpretação da Lei. Poderia ter uma descrição objetiva das vantagens e desvantagens de cada modalidade de Aposentadoria.
Além disso se o Aplicativo tem todos os nossos dados, por que não pode logo apontar a modalidade mais vantajosa para o servidor?","62,5"
2589,suggestion,"Usar o simulador é MUITO FACIL, mas não poderia dar 6 OPÇÕES DE RESPOSTA, ora bolas!!!! EU, por exemplo, me enquadro em TODOS os quesitos  das opções. POrtanto, CONTINUO SEM SABER com que valor vou me aposentar.  Claro que quero o maior valor. Mas o governo, certamente, quer me pagar o menor valor... COncordam? COmo fazer então para que eu fique na melhor opção na hora de dar entrada? A questão não é usar o simulador. É entender qual das 6 respostas possíveis se aplicará a mim.",30
2604,criticism,Os servidores portadores de deficiência não conseguem fazer a simulação.,"67,5"
2620,suggestion,Confesso que fiz uma simulação e que precisarei contratar um advogado com especialidade em Direito Previdenciário para me ajudar.,70
2634,suggestion,Não possui o tempo averbado de outro regime nem para incluí-lo manualmente. Fica a contagem prejudicada ,50
2645,criticism,Achei o app pouco intuitivo e com as instruções muito técnicas. ,"22,5"
2666,positive feedback,"Acho que o simulador de aposentadoria deveria demonstrar de forma clara, a regra mais vantajosa implementada para aposentadoria do servidor.","62,5"
2675,criticism,Esse simulador ajuda o servidor a conhecer melhor seus direitos e diminui em muito a burocracia na informação ,100
2706,positive feedback,Não entendi perfeitamente em qual dos itens era mais vantajoso para decisão de uma futura aposentadoria. Acredito que necessitaria de melhor esclarecimento em cada uma das opções para facilitar a decisão,"32,5"
2723,suggestion,"Senti falta da aplicação das regras especiais de aposentadoria para serem aplicadas, como aposentadoria especial para pessoa com deficiência.",70
2728,suggestion,"Entendo q Deveria ser esclarecido pq tempo existente não foi considerado. No meu caso ocorreu isso e não consegui entender 
Já no questionário entendo q a dificuldade não está no uso do simulador mas na interpretação das hipóteses previstas. Para essas sem dúvida é necessário ajuda de alguém da área ",75
2731,criticism,"O simulador, foi muito útil, pois agora tenho a noção, por qual regra irei me aposentar e o fundamento legal.",100
2734,suggestion,O simulador não apresenta nenhum resultado. ,"47,5"
2736,not pertinent,"Deveria constar o valor a ser recebido e não só o tempo previsto para aposentadoria. 
Tb sugiro q contenham opções de aposentadoria por invalidez no caso de servidor com doença relacionada e não relacionada ao trabalho.","87,5"
2755,criticism,"Gostei da interface, mas há muitas siglas que causam dúvidas e incompreensão sobre o que os dados utilizados nos cálculos.
Há também, no meu caso, dentre as opções apresentadas na plataforma não consta a apresentada via OFÍCIO Nº 201/2023 - CLN-DGP/DAAP-DGP/DGP-PRD/PRO-PRD/RET/IFSP de 27 de setembro de 2023. que diz que: art. 10, §2º III e § 4º, da EC 103/2019 , garantindo, salvo alteração legislativa ou constitucional ulteriores, a aposentadoria voluntária a partir 02/06/24.",40
2782,positive feedback,Disse que vou me aposentar quando eu tiver 120 anos .... tem algo muito errado aí. ,30
2817,criticism,"No simulador apenas aparece opção de aposentadoria pelo rpps, acho que deveria mostrar também a opção pelo rgps","42,5"
2819,suggestion,Não consegui entender direito as opções apresentadas no simulador.,"32,5"
2850,not pertinent,O simulador de aposentadoria veio pra facilitar o calculo do tempo de serviço,90
2853,not pertinent,"Acredito que no meu caso por ter completado todo os requisitos para a aposentadoria, o sistema está trazendo as informações corretas com todas as legislações e opção de aposentadoria. Portanto seria melhor outros servidores que ainda precisam completar algum dos requisitos testar, para que sejam  observadas as informações fornecidas a esse servidor se existe alguma inconsistência na informação dos requisitos de aposentadoria.",95
2855,criticism,"No simulado não aparece meu tempo Correto e quando solicitei a  certidão de tempo de servico, comprovei a diferença de registro.
Como corrigir isso ?","42,5"
2860,criticism,"Em realidade, é um sistema fácil, restando dúvida apenas sobre qual a lei / artigo que pode reconhecer o direito.

No meu caso, assinalei a opção correta, porém na dúvida, consultei as demais opções.

Enfim, minha maior preocupação se deu no valor gerado/simulado, assim se confirmado como espero, falta mesmo a mim apenas amadurecer a ideia de ""parar"", posto que gosto do que faço.
A preparação psicológica e cuidado físicos são importantes.
",75
2871,suggestion,"Só acho que faltou de onde vem o valor resultante. 
Visto que deveria informar o que deixou de integrar no valor a receber. ",95
2875,criticism,"Falta o simulador indicar qual será o valor mensal da aposentadoria, isso não foi informado.","92,5"
2896,criticism,A aplicação deve oferecer dados corretos ou demonstrar quais são as bases e/ou as possibilidades de inconsistências. Alguns que buscaram a informação (inclusive eu) tiveram datas fora da realidade informadas.,"37,5"
2902,not pertinent,Adorei e achei muito prática esta ferramenta para simular a aposentadoria! As minhas dúvidas foram desanuviadas em relação ao meu direito de aposentar de acordo com a reforma da previdência em 2019. ,100
2915,criticism,Possibilidade de incluir os proventos no simulador ,85
2918,suggestion,"Tenho tempo averbado, gostaria que o simulador tivesse duas opções de simulação: usando o tempo averbado e não usando o tempo averbado. E em seguida, uma tabela comparativa.","92,5"
2926,suggestion,"As definições baseadas nas leis apresentadas como opções de possíveis formas de aposentadorias poderiam ser explicadas mais claramente além de somente citar artigo e parágrafo. Poderia apresentar claramente se há ou não paridade ou, em caso de não paridade, qual indice de reajuste o benefício estará submetido para cada opção de escolha.",65
2928,criticism,"Ferramenta não é difícil o que dificulta é conhecer as regras divergentes e tantas possibilidades de data.

Não fica claro qual diferença entre as possibilidades, ou seja, data real e valor da aposentadoria se fosse hj.",85
2935,positive feedback,"O simulador apresentou o valor final de média aritmética. A informação ficou descontextualizada, pois, até onde entendi, o RPPS não paga, necessariamente, o valor integral da média. ","92,5"
2948,suggestion,"Simulador ainda não funciona corretamente. Na opção de pela aposentadoria com vencimentos integrais e paridade, estima incorretamente o tempo para atingimento do requisito e não informa na tela final.",60
2949,positive feedback,"Acho que o que não fica claro, são os valores que o servidor perde.
Poderia ter informações tais como: Perde Alimentação e etc","72,5"
2952,suggestion,Parabéns pelo simulador...agiliza muito e não sobrecarrega os setores de Gestão de Pessoas ,100
2957,not pertinent,"Quando usei, vieram várias opções e não consegui entender até hoje o tempo da minha aposentadoria. Muita informação desnecessária e sem aplicabilidade imediata. ","32,5"
2989,suggestion,Dúvidas específicas da categoria. Ex. Inclusão do bônus de eficiencia,"87,5"
2993,suggestion,"Excelente ferramenta, trouxe tranquilidade, previsibilidade e segurança aos servidores que estão próximos ou mesmo àqueles que ainda falta muita tempo para aposentar.
Apresento apenas as seguintes sugestões:
1 - Detalhamento do tempo de serviço, como por exemplo tempo não inserido na contagem, como faltas etc. com possibilidade de emissão de Certidão.
2 - Link para solicitação automática das férias, gerando, ao se escolher a modalidade, um processo automático para tramitação da aposentadoria.
","92,5"
3004,criticism,"Este simulador não serve para nada, muito menos para quem está no RPC. 
Não apresenta os dados do BE, com a devida memória de cálculo, e não dá a mínima previsão de quanto seria uma eventual aposentadoria atual.
Estamos completamente às cegas!
Se morrermos ou ficarmos incapacitados, não sabemos nada de quanto seria eventual pensão ou aposentadoria.
Não temos nem com ter um mínimo planejamento.
Um absurdo isso!
",45
3006,criticism,"Bom dia! Achei bastante prático utilizar o simulador de aposentadoria, a única dificuldade encontrada é porque não conheço a legislação, ou seja, a fundamentação para a minha aposentadoria. No caso preciso de alguém com conhecimento que me oriente em qual fundamentação se encaixa a minha aposentadoria. ",90
3007,suggestion,"Junto ao simulador, deveria ter o canal direto com a Seção de Gestão de Pessoas, para que possamos solicitar informações diretas e com cada caso específico, até para ajudar no planejamento da Aposentadoria.","72,5"
3012,criticism,"Tentei simular a minha aposentadoria, mas o sistema não retorna quanto tempo faltaria, etc.","57,5"
3019,not pertinent,"Sou professor EBTT no IFSP e tenho deficiência física, registrada neste órgão. Porém, aqui np SOUGOV não tem esse registro. Sendo assim, não consegui realizar a simulção. Essa é a razão de eu não concordar e nem discordar para todos os itens.",50
3020,not pertinent,"Gostaria que as informações ficassem mais claras, quero dizer, analítica.

Quem tempo de serviço fora do serviço público, há condições de somar tudo para se poder apurar concretamente o que está correto ou faltando? Juntar com o tempo de CLT ou nos casos de outros órgãos.",60
3023,criticism,Muitas inconsistências dos dados constantes na base do simulador,55
3025,suggestion,Faltou possibilidade de simulação de aposentadoria especial para deficientes.,45
3029,criticism,"Realizei a simulação, mas na opção de aposentadoria pela média desconsiderando competências, no resumo veio um cálculo e na planilha de cálculo, apareceu o resultado considerando todas.
",90
3074,positive feedback,O simulador precisa de ajustes e explicações mais claras d as regras e diferenças entre elas,25
3140,criticism,"A ideia é boa, mas não funciona bem. Além de ter muitas opções  distintas (mas não ter instruções de como escolher uma delas), no fim da simulação  aparece uma mensagem dizendo que não preencho os requisitos (o que não faz sentido), já que é apenas uma simulação. ",60
3145,criticism,"Deveria colocar o valor (equivalente ao valor atual, visto que seria difícil prever o valor futuro). Também deveria ter a opção de aposentadoria por invalidez com o valor etc.",30
3181,criticism,"No meu caso o Simulador parou em Fundamentos legais.
Não foi para o passo 3 : Detalhamento e PSS.",55
3191,criticism,"O app deveria mostrar o valor do benefício , ao menos um valor previsto, baseado no salário atual. Sem essa informação, apesar da intenção, o app não tem muita utilidade para simular, apenas para quem já tem o tempo.","67,5"
3203,criticism,O simulador de aposentadoria não fala nada sobre transição. Para quem já estava quase para se aposentar e as regras mudaram.,10
3205,suggestion,"Quando se trata dos 80%, não ficou claro se o valor é para fazer o cálculo ou se já é o valor calculado",40
3209,positive feedback,"O simulador não carregou informações sobre ocupação anterior que estão no app meuinss, só as informações do cargo atual com possível alteração no resultado final.",60
3210,suggestion,Sugestão: a calculadora poderia continuar  o calculo da simulação após a exclusão das menores contribuições. Art 26 paragrafo 6o da EC 203.,"82,5"
3218,positive feedback,"eu sugiro que o resumo da aposentadoria pela média já venha com o valor do calculo, pois, precisamos baixar a mémoria de cálculo para saber esse valor. A explicação do valor também é confusa, eu sei que o valor calculado é para a data da simulação, mas fiquei confuso se o valor pode mudar muito... eu, por exemplo, posso aposentar a partir de 02/12/2024, acho que o valor será próximo do informado pela simulação, mas essa informação não é muito clara.","47,5"
3224,criticism,"O simulador., apensar de aparecer item para marcar, não apresenta resultado de licenças não gozadas, não apresenta expectativa de valores (fica zerado). Já tentei de tudo, consultei colegas e a reclamação foi a mesma. ",40
3229,criticism,Apenas dois fundamentos legais estão contemplados. Seria interessante que todas as possibilidades fossem cobertas.,"77,5"
3239,suggestion,"Sugestão: aprimorar a atualizáção integrada do registro das contribuições para uma silulação mais  fidedigna, já que o valor informado não foi corresponte ao real, dada a desatualizaçãos dos dados.","77,5"
3270,criticism,Programa autodidata e eficiente para que os servidores tomem decisão se vale a pena ou não aposentar-se no momento da consulta. Parabéns!!!!,100
3273,criticism,Falta  maior divulgação para os servidores ativos pois descobrir a ferramenta por acaso qdo acessei o aplicativo ,"52,5"
3274,suggestion,Obrigada por disponibilizar a funcionalidade. É bastante intuitivo e o resultado já vem com a fundamentação.,"77,5"
3280,positive feedback,"Satisfatório para acompanhamento de nossas condições de aposentadoria, aprovado.","87,5"
3285,positive feedback,O que eu achei complexo foi identificar qual base legal usar. Muitas normas.,"72,5"
3290,suggestion,"Apresenta várias possibilidades e é necessário conhecer a lei para saber qual o seu caso. Pode ter melhores explicações  em relação ao fundamento legal.
","62,5"
3298,suggestion,"Teria que ter a opção de simular abono permanência também.  Eu simulei e entendi porque sempre procuro ler sobre a legislação. 
Mas percebi que há colegas que não entenderam as várias opções de aposentadoria que o aplicativo mostra. ",70
3309,positive feedback,"Achei o simulador muito fácil de usar. No entanto, como estou classificada para me aposentar segundo diferentes critérios desde 13/11/ 2019, executei a simulação segundo diferentes critérios e os cálculos resultaram em resultados muito diferentes. Considero que falta uma explicação para clarear essa situação. 
É razoável que isso aconteça. 
O que cabe fazer? Solicitar a aposentadoria com base no marco legal de maior valor?",75
3314,not pertinent,SOLICITO AJUSTES NA SIMULAÇÃO POIS A MÉDIA DE 100% NÃO ESTÁ CONSIDERANDO O DESCARTE DAS MENORES CONTRIBUIÇÕES APESAR DE INFORMAR O NUMERO POSSIVEL DE DESCARTES DURANTE A SIMULAÇÃO.,60
3319,not pertinent,A data de aposentadoria ao invés de ser 11/01 está 01/11,"67,5"
3327,criticism,Faltou o sistema notar q falta muito tempo e nao apresentar regras de transicoes inaplicáveis a mim,"82,5"
3333,criticism,"É bom, pois deu visibilidade a uma coisa que eu nunca imaginei que pudesse acontecer com o vinculo de RJU.
Erro no lançamento já como RJU, pois um lançamento está GROSSEIRAMENTE destoando dos outros, fato esse que me obrigará a conferir todos os lançamentos.","77,5"
3334,positive feedback,Aplicativo muito bom. ,90
3348,criticism,"Como ainda não preencho alguns dos requisitos para fazer uma simulação mais fidedigna sobre meu tempo de contribuição, ao longo da minha situação profissional, eu prefiro por enquanto não manifestar nehuma opinião. ",50
3357,criticism,Sugiro orientação sobre os dispositivos legais q dão base para as informações sobre aposentaria integrada ao simulador ,"47,5"
3361,positive feedback,"No meu caso, o simulador de aposentadoria não apresentou nenhum resultado.
A única mensagem que recebi foi: ""Não há fundamentos com 'requisitos já preenchidos' para exibir."" 
Essa resposta sugere que o simulador não realiza qualquer projeção e que os resultados só são disponibilizados quando os requisitos para a aposentadoria já foram cumpridos.","77,5"
3369,criticism,"Acho de fácil compreensão, com informações precisas sobre os meus assentamentos, com os enquadramentos também precisos. Parabéns. Obrigado!","97,5"
3375,criticism,Precisamos aprender mais de leis,55
3378,suggestion,"Os vamos que justificam as regras para aposentadoria deveria abrir o link direto para a norma em si, bem assim a simulação de para recebimento do abono permanência.","57,5"
3388,positive feedback,"Averbei tempo de contribuição anterior no poder judiciário, mas o sistema não computou esse tempo.",45
3399,positive feedback,Achei muitobdificil a solicitacao de revisao de dados. Quando enviamos um documento antigo( em PDF) o programa nao consegue converter. Nao ha espaco para solicitar nova analise de documento ja constante do dossiê funcional,"77,5"
3407,suggestion,O simulador de aposentadoria é um sistema muito prático de ser utilizado. Creio que deva continuar como uma ferramenta para auxiliar os servidores nos cálculos de suas aposentadorias. ,100
3409,criticism,"Então, no curso que o INSS ofereceu com uma servidora do Ministério, inclusive, as opções que ela apresentou como possíveis para minha aposentadoria não aparecem todas no simulador, talvez por eu ainda não ter somado um tempo mínimo específico, mas isso não está claro em lugar nenhum, então na minha opinião era melhor apresentar possíveis cenários futuros com alertas, que deixá-los fora. Vejam como o simulador do RGPS no MEU INSS faz, ele sempre apresenta todas as opções, mesmo as ""impossíveis"" ",50
3413,suggestion,"Boa ferramenta.  alguns detalhes referentes ao tipo de aposentadoria, acrescentaria algo mais, bem como sanaria possíveis duvidas. Exemplo: Aposentadoria pelo regime jurídico único, aposentadoria com reajuste pelo índice da previdência. A minha sugestão tem como fundamento, ratificar a excelente ferramenta, sem intenção de criticar, ao contrario, aperfeiçoar o que ja considero eficiente.

Atenciosamente,

Jose Anselmo Soares da Silva
0469701",100
3418,criticism,Como resposta a minha consulta aparecem dois fundamentos legais pelos quais já posso me aposentar. Um com a média aritmética dos 80% maiores contribuições é melhor que o outro. Eu posso escolher pelo qual desejo me aposentar?,"77,5"
3430,suggestion,Tive dificuldade por não saber qual a melhor opção pra aposentar. Poderiam incluir as vantagens e desvantagens quando houver enquadramento em mais de uma regra,"77,5"
3433,criticism,"Não sei opinar por ser fácil ou difícil de usar pois apesar de parecer simples, não consegui obter nenhum Resultado. Todas as simulações retornaram zero reais de aposentadoria ou nenhum valor. Ou o programa tem problemas técnicos ou o problema é na orientação do usuário.","42,5"
3439,criticism,"Acho que deveria ser mostrado tb o valor inicial do benefício de aposentadoria em cada regra, caso o servidor requeresse hoje.",100
3494,suggestion,Colocar item de simulação com opção de tempo de serviço realizado fora da empresa atual.,80
3507,not pertinent,Conheço servidor que não teve acesso ao simulador nem instalando o app novamente!,85
3533,positive feedback,"As inconsistências não permitem que servidores com.mudanca de vínculo ou faltando bastante para se aposentar façam a simulação, ou seja, para mim não serviu como possibilidade de planejamento de minha aposentadoria. Além disso, não fez as projeções adequadas. Precisa melhorar.",60
3564,not pertinent,"Sugestões: 

1)  destacar mais os arquivos para  download pois num primeiro momento, quando se lê  "" Fim da Simulação"", parece que não há mais nada de conteúdo na página.
2) O título do  ícone ""Retornar à Desconsideração de PSS"" não ficou claro  em relação ao seu conteúdo, a palavra ""desconsideração"" me remeteu ao outro entendimento.

Achei o simulador de aposentadoria muito bom e fácil de usar ! 
","97,5"
3570,criticism,Acho uma ótima ideia poder contar com o simulador para poder me preparar para a aposentadoria. Talvez seja interessante adicionar a possibilidade de ter uma opção para enviar o resultado direto para o RH da minha unidade verificar se há alguma inconsistência ou se posso confiar plenamente no resultado da simulação.,75
3575,criticism,Abrir também as opções quando não tem o tempo e informar quanto falta,80
3580,positive feedback,"Eu não sei como é o procedimento da gestão de pessoas, mas seria muito interessante um plano de trabalho de verificação dos servidores que estão próximos de se aposentar, haver um contato direto com este, procurar e oferecer explicações sobre os procedimentos de para solicitar aposentadoria e sanar eventuais dúvidas que o servidor possa ter.","57,5"
3582,positive feedback,Nenhuma ,85
3589,positive feedback,Boa tarde. Poderia ter uma opção para fazer a simulação com a averbação de tempo de contribuição em outros regimes de previdência.,55
3590,not pertinent,"A criação do simulador é uma excelente iniciativa e será, com certeza, muito útil. Indiquei que o simulador apresenta inconsistência porque num determinado campo consta a informação de qual seria o valor da aposentadoria, mas esse campo não aparece na página.","52,5"
3604,positive feedback,Falta opções  de requerimentos,"62,5"
3611,suggestion,Aplicativo inútil sem um manual.,"7,5"
3613,criticism,No meu caso específico está incoerente. A minha previsão de inatividade com paridade é integralidade é junho de 2026 e não em 2028. Está errado.,"27,5"
3633,suggestion,Talvez o simulador possa incluir outros dispositivos legais que ainda estejam vigentes ou em transição.,90
3641,criticism,"Apesar de nunca ter utilizado o simulador antes, fui acessá-lo e achei bem difícil a interpretação dos resultados, dificultando muito a tomada de decisão para se aposentar com base na informações apresentadas pelo sistema. 
Acredito que com a evolução do sistema poderá ser mais fácil a leitura dos dados e ter mais certeza do momento certo para a tão sonhada aposentadoria.",40
3667,positive feedback,"Ter resultados para destacar as diferentes opções da simulação não somente listar a base jurídica, comparar vantagens e desvantagens, e o que é preciso fazer de forma bem simples para cumprir os requisitos de aposentadoria. ",50
3688,criticism,"Aguardo simulador para aposrntadoria especial para servidor deficiente. A questão é que muita gente tem pouca noção de direito previdenciário, isso pode gerar dificuldades em aceitar o simulado.",75
3693,suggestion,"Seria nom se tivesse a indicação da melhor opção de aposentadoria para o servidor, visto que há vários fundamentos legais como resultado da simulação ","87,5"
3699,criticism,"Não conheço a legislação .Achei difícil
",30
3725,not pertinent,"Muito prtaico minha unica dificuldade  foi definir em qual regra ou Lei estou enquadrada , vou ter que buscar informações  a respeito disso",70
3737,positive feedback,"O simulador deveria permitir informar tempo externo não averbado, para que o servidor pudesse avaliar a oportunidade e conveniência de averbar tempos trabalhados em RGPS.","97,5"
3752,suggestion,Não entendi o cálculo para aposentadoria pela média. O valor que acresce em decorrência de inclusão de mais um mês de contribuição é ínfimo. ,45
3757,suggestion,"O cálculo da aposentadoria é muito básico, deveria ter mais opções. ",50
3758,criticism,"Faltou acrescentar opções para aqueles que ganham insalubridade e periculosidade se isso muda a data para a aposentadoria.
Eu ganho 10% de insalubridade e gostaria de saber se conseguirei aposentar um pouco antes 
",75
3761,suggestion,"Estamos em fase de conhecimento.  Esperamos que funcione sem nos prejudicar , nosso fim de carreira.","47,5"
3793,suggestion,"As principais sugestões p/melhoria: 1)botão para simular a base de cálculo bruta da  aritmética  c/ um quadradinho que permitisse ou não permitisse incluir os PSS de averbação, para que a simulação considere o tempo averbado ou não considere e, assim, o servidor tenha uma maior convicção se mantem ou não a averbação. 2) mostrar o  valor líquido real do provento e quais alíquotas  do IRPF e PSS incidentes para além da base de cálculo da média; 3) mostrar campo de tempo averbado de alguma forma.",35
3808,criticism,Deveria ter a opção ou migração dos dados de servidores PCD para saber a possível simulação mais próxima da realidade ,45
3820,positive feedback,"O Simulador apresenta apenas 1 dispositivo legal para aposentadoria de docentes. Seria bom outros se houver. 
 ",55
3824,positive feedback,"Integrar melhor o tempo de serviço com a plataforma, visto que não conta corretamente o tempo trabalhado dentro do próprio serviço público.",10
3834,criticism,"Gostei, mas poderiam explicar melhor o cálculo dos proventos. Por que quando fala cálculo de 100% das remunerações dá falsa sensação de integralidade, que no meu caso não se aplica.",80
3850,not pertinent,Talvez conter uma explicação mais detalhada dos termos e das leis,80
3852,criticism,"Acho.que o simulador deveria estar vinculado ao INSS no sentido de verificar documentos averbados, por exemplo. ","42,5"
3856,criticism,"Gostaria de parabenizar aos envolvidos na execução dessa funcionalidade mais que necessária. Utilizei o simulador com facilidade e as minhas dúvidas sobre o meu status de aposentadoria foi sanado.

Gostaria de sugerir que fossem esclarecidas dúvidas a partir de perguntas ...por exemplo: Como é feito o cálculo do I.Q. (Incentivo a Qualificação) , na hora da aposentadoria? 

Outra sugestão é que pudéssemos dar andamento ao processo de aposentadoria pelo SouGov. de forma facilitada. ","92,5"
3883,suggestion,"Achei fácil de usar, porém não consegui identificar em qual regra me  enquadro pois apareceram 3 opções ","52,5"
3886,criticism,"Por ser um simulador, precisa permitir a inclusão de vínculos de outros regimes de previdência. Sem esta possibilidade não é eficaz.",80
3910,suggestion,A pesquisa não ficou legal quando feita pelo celular.,85
3913,criticism,"No meu caso, não foi apresentado nenhum resultado na simulação, mas uma mensagem de que ainda não cumpro os requisitos. Ademais, notei que é exibido apenas o tempo de contribuição no serviço público. Penso que deveria incluir o tempo de contribuição da iniciativa privada, exibindo resultados assim: valores simulados em relação ao teto do RGP + os valores da poupança acumulada no RPC = valor total simulado.","47,5"
3943,criticism,"Faltou espaço para situações específicas, como direito a LC 142/13.","72,5"
3955,suggestion,"O resultado, valor ""média aritmética"", é o valor que irei receber ou é a media sobre qual será calculado o valor a receber?
Não ficou muito claro para mim. Lá diz media 100% e apresenda a média aritmética.  Qual será o valor da aposentadoria mensal?
",90
3969,criticism,Explicar melhor as regras pois não é possível entender. Criar um chat. Ter um questionário para aplicar a melhor regra ao caso concreto. ,"37,5"
3984,suggestion,"Seria.bom fazer projeções de aposentadoria com base nas contribuições do Funpresp de firma integrada, para simular o total da aposentadoria na data de atendimento dos requisitos. No mais, aplicativo é muito informativo e fácil de usar!",65
3985,criticism,"É uma ferramenta para ampliar os conhecimentos do servidor pelo Tema, que diz respeito a todos nós.",80
4012,suggestion,"O simulador é muito bom. Ótima iniciativa. Não precisamos ir ao RH para simular aposentadoria. Agora faço isso do celular e em qualquer lugar.
Parabéns pela iniciativa","92,5"
4049,criticism,Aplicativo muito bom.,70
4061,criticism,Sugiro que a base legal seja mais explicada e que apresente os valores que serão recebidos em cada uma delas.,"27,5"
4073,suggestion,Sugiro que o simulador permita a inserção de vínculos de outros regimes sem a devida averbação para aproximar da realidade .,60
4086,criticism,"Achei muito interessante, pois traz números realistas e consolidados, porém ainda gera dificuldade de interpretação no cálculo baseado nas regras, poderia ter uma breve explicação sintetizada sobre o enquadramento da aposentadoria.",60
4089,criticism,"E complexo voce confiar nas informações de sistema sem que um profissional da área nos de este respaldo, sou servidor da area de beneficios e conhecemos nossos sistemas com muitas falhas nas informações o que não da pra confiar totalmente  nas informações ali registradas, no entanto, o simulador nos da um norte, boa ferramenta. ",65
4096,suggestion,"Não consegui usar, o programa não abriu",50
4101,suggestion,O INSS não está seguindo ele então seria necessário ajustes para ser fidedigno. ,"52,5"
4109,suggestion,Tenho uma licença de 3 meses. Posso usar essa licença em dobro para me aposentar?,65
4135,criticism,o ideal seria inserir informações mais detalhadas sobre as leis...,"67,5"
4157,criticism,"O simulador deveria trazer esclarecimentos sobre as possibilidades que o servidor tem, uma vez apresentado o resultado da simulação, de obter maiores proventos na aposentadoria, para além do tempo de serviço. Ninguém pretende trabalhar por dois séculos para obter o maior ônus possível.",50
4159,suggestion,Preciso compreender melhor os fundamentos legais das opções ,65
4164,not pertinent,Eu não tinha conhecimento dessa ferramenta e tive que me informar. Há mais de um mês fiz os procedimentos para requerer abono permanência por meio do aplicativo e até a presente data está em análise.  Tive que solicitar por outros meios. Infelizmente não me atendeu!..,70
4169,criticism,"Senti falta apenas, da forma dos reajustes, para cada tipo de simulação, quando dos cálculos. ",100
4179,criticism,"Nossa vida funcional está cadastrada no sistema. No meu caso, até as averbações por tempo de serviço, estão inseridas no assentamento funcional. Fiz a simulação e o sistema me apresenta várias modalidades de aposentadoria ao ponto que me confundiu e finalizei a consulta sem atender ao objetivo maior da utilização do Simulador de Aposentadoria: saber exatamente ou, no mínimo, um resultado proximal dessa temporalidade restante. Fiquei frustrado com o resultado. Nota 0 (zero).  ",45
4197,positive feedback,Deveria ter uma explicação quanto ao resultado da pesquisa realizada porque foi obtido várias situações de aposentadoria e sem conhecimento de cada uma delas fica difícil o entendimento.,"47,5"
4199,not pertinent,"Como estou na expectativa de me aposentar achei que o simulador veio em boa hora. Porém observei que ele apresenta a contagem de tempo em anos e meses, mas não os dias. E também não dá opção de adicionar tempo manual (trazido do RGPS por exemplo). Então discordo de múltiplas funcionalidades e não me senti tão confiante no resultado apresentado. E, por mais simples que seja, ainda temos colegas que tem dificuldade até para acessar o Sougov, quanto mais usar todas as funcionalidades. ","62,5"
4214,criticism,Talvez fosse interessante acrescentar uma funcionalidade para exibir de forma clara a previsão de valor da aposentadoria.,70
4231,criticism,Para o meu caso o sistema gerou inconsistência,50
4248,suggestion,Precisa ser mais intuitivo e com informações e opções de aposentadoria Mais bem explicadas.,"67,5"
4256,criticism,Achei válida a ideia do simulador e gostei de ter uma expectativa/estimativa para o cumprimento dos requisitos para aposentadoria.,"92,5"
4261,criticism,"Não consegui utilizar. A mensagem que aparece é de que não possui parcelas suficientes. Não entendi a mensagem, não entendi nada. Tinham muitas opções para escolher e não entendi qual eu deveria escolher",5
4268,criticism,"Sugiro introduzir um campo com o valor previsível para as opções de aposentadoria, além do prazo e do tipo, que estão muito bem estruturados. Esse valor pode ser calculado com base no proventos atuais do servidor ou servidora.",85
4270,criticism,Como faço para corrigir os meus dados que aparecem na simulação estão completamente errados. Onde devo recorrer para mudar?,50
4281,suggestion,"A finalização é confusa, dá a entender que a pessoa mudou a opção legal de aposentadoria. Daí o usuário fica em dúvida se é só uma simulação ou ele alterou o regime de sua aposentadoria ","32,5"
4289,positive feedback,APRESENTAR TODOS OS CENÁRIOS POSSÍVEIS JUNTO COM AS RESPECTIVAS ESTIMATIVAS DE PROVENTOS PARA CADA CENÁRIO.,"97,5"
4296,not pertinent,Falta regulamentar a aposentadoria especial para as pessoas com deficiência.,"52,5"
4299,criticism,"Queixa sobre o uso do sistema.
Meus dados cadastrais errados.
Resultados incompreensíveis ou incompletos.
Repeti a simulação e os resultados vieram totalmente diferentes","37,5"
4305,suggestion,O simulador criticou alegando que não estou cadastrado na base de dados,"42,5"
4309,not pertinent,Talvez auxiliasse a elaboração de adendos explicando de forma simples cada modalidade de cálculo.,"57,5"
4322,suggestion,"O simulador de aposentadoria não está ligado ao tempo de contribuição do INSS o que provoca inconsistência nos prazos, como é o meu caso.
Eu sugiro que esse acesso aos dois sistema sejam efetuados rapidamente. Assim, as informações serão precisas.",65
4331,criticism,"No motivo direito da aposentadoria, colocar mais informações sobre a legislação.",85
4335,suggestion,"Colocar uma aba de simulação para aposentadorias de quem exerce atividade de risco, insalubres. ",45
4336,criticism,"Excelente iniciativa. Assim podemos, de forma rápida, ter conhecimento da data de aposentadoria por cada fundamento legal que podemos nos enquadrar. MUITO BOM!!!!","97,5"
4338,not pertinent,O simulador apresenta várias opções e situações que exigem um conhecimento mais aprofundado sobre a legislação que envolve a aposentadoria e quando apresenta os resultados você fica na dúvida sobre se todas as opções são para sua escolha ou são opções gerais para todos os servidores.,"47,5"
4358,suggestion,"Muito obrigada e parabéns pelo aplicativo.
Ter acesso essas informações nos dá segurança e confiança para tomar decisões. 

",100
4377,criticism,"O que não entendi é que tem que escolher uma das opções no simulador  para então verificar qual a melhor para minha aposentadoria   Ficando assim difícil , o sistema é fácil mas um pouco complicado na escolha ",65
4402,criticism,"Devido às várias mudanças com relação à aposentadoria e às várias opções que o sistema apresentou, fiquei um pouco confusa, pois não sei  qual seria a opção para receber a aposentadoria integralmente. Não sei se escolhi a correta",40
4412,positive feedback,"Gostei do simulador, mas não substitui a orientação de um servidor capacitado para tal. Eu tenho dúvidas sobre a melhor Aposentadoria se Paridade ou pela média e tb quanto aos reajustes . Deveria ter um plantão de dúvidas antes da gente agendar a aposentadoria ",50
4430,suggestion,"O simulador apresentou muita inconsistência, em relação ao tempo de serviço.",50
4444,criticism,O simulador foi inócuo. Informações diferentes das que colhi com meu setor de recursos humanos.,15
4462,positive feedback,"Na realidade, a dificuldade não é com o simulador em si, é com a Legislação, que mudou muito nesses últimos anos. Fica uma insegurança para escolher as opções. Um manual para explicar detalhadamente cada opção seria fundamental para orientar as escolhas, ",65
4464,not pertinent,"Considero o Simulador de Aposentadoria uma ótima ferramenta para acesso à informação, pois muitos servidores (por falta de tempo, timidez ou mesmo por encontrarem alguma falta de receptividade/má-vontade por parte de servidores de RH), não buscam respostas de forma presencial.
Sug: seria interessante se o sistema apresentasse também, os itens e respectivos valores que compuseram a determinação do valor final, bem como, a informação se o valor é bruto ou liquido, pois geram dúvidas.","97,5"
4466,suggestion,"Uma ferramenta excelente! Eu costumava a usar o simulador da CGU mas com a reformada previdência de 2019, esse simulador ficou obsoleto e não foi atualizado de acordo coma nova lei. Eu estava procurando um novo simulador que fosse confiável, mas não existia. O novo simulador do Sou Gov veio a preencher uma lacuna importante e beneficiar todos os servidores. Eu sugiro que o simulador mostre também a possibilidade de solicitar o abono permanência, pois também há muitas dúvidas sobre esse tema.",100
4468,positive feedback,Poderiam incluir qual documentação necessária para solicitar aposentadoria e quais locais ou sites poderia obter essa documentação. ,90
4471,criticism,"O Simulador me parece ser uma ferramenta bastante eficiente e de uso simples.
Entendo ser necessário a disponibilização detalhada e explicativa da legislação que fundamente a opção escolhida para a simulação.","87,5"
4499,criticism,"Muito bom o simulador, mas venho estudando as regras, para ter mais conhecimento na causa. ",75
4503,criticism,"Achei o simulador bem interativo e o resultado confiável,  pois já havia consultado a gestão de pessoas do meu órgão e as informações coincidiram. ",95
4510,positive feedback,Sou pessoa com deficiência e o simulador não contempla esta categoria. Não tem esta opção e o cálculo para a aposentadoria da pessoa com deficiência é diferente.exclui às menores contribuições ,50
4518,criticism,O simulador deveria trazer também a simulação de valores dos proventos de aposentadoria e não apenas da data de aposentadoria.,"87,5"
4525,positive feedback,Simulador não está puxando a memória de cálculo. ,70
4542,positive feedback,"Seria interessante existir exemplos numéricos dos remuneratórios nas sumulações, como se ele pudesse ocorrer na data atual. Desta maneira o servidor poderia sentir os impactos finaceiros na ocorrência de sua aposentadoria.",85
4547,positive feedback,Acessei duas vezes o simulador e uma ferramenta excelente para servidor público. E principalmente e eu em vias de me aposentar. ,50
4552,criticism,"o simulador não e claro e eu trabalho com aposentadoria e me senti como o segurado quando simula no aplicativo.  A resposta e vaga. no meu caso que tem rgps e rgpp ja com a averbação o calculo do valor não e entendivel.
não gostei. o que ele faz eu faco manual. a resposta e vaga e não atende o que se deseja",30
4554,not pertinent,Apareceram 3 datas possíveis e discrepantes. Talvez uma pessoa com conhecimento legal mais profundo possa compreender. Mas aí também não precisaria do simulador.,"37,5"
4569,criticism,"Embora a soma do tempo de serviço exija averbação em alguns casos, o sistema Meu INSS já possui registros de todos os vínculos e períodos trabalhados. Diante disso, o simulador poderia incluir uma opção para calcular o tempo de serviço ainda não averbado. Esse recurso seria simples de implementar, já que todas as informações necessárias estão disponíveis nas bases governamentais, ",80
4572,criticism,"Ainda há inconsistência de informação, pois não interliga os dados do INSS que o servidor por ventura venha a ter de tempo de serviço, gerando dúvidas se poderão entrar na contagem de tempo para a aposentadoria e modificar a adequação do servidor na regra mais específica.","52,5"
4581,criticism,"Para que funcione perfeitamente e simule corretamente o cadastro deverá estar bem redondinho. Não é o caso na maioria dos cadastros, principalmente dos mais antigos. Estamos dando uma expectativa que no final nao corresponderá à realidade.",35
4599,criticism,"Achei que faltou opções pra simular casos de aposentadoria de servidores deficientes, como eu.","57,5"
4601,criticism,"Poderia conter mais informações sobre as consequências/benefícios entre as possibilidades de escolha entre os fundamento legais aplicados/utilizados. Não sei se utilizar o critério do maior valor da aposentadoria simulado poderá ter consequências prejudiciais no futuro. Ou seja, seria importante que fosse informado em linguagem acessível (não jurídica) o que cada fundamento legal proporcionará ao longo da vida após a aposentadoria. Citar o aparato constitucional não é o bastante p/ a decisão.",35
4634,criticism,"Achei muito interessante ter uma ferramenta para auxiliar na prestação de informação para esse fim.
Bom seria se nesse mesmo aplicativo já oferecesse o pedido de requerimento para pedido de aposentadoria.",100
4670,suggestion,"O Simulador de aposentadoria é uma ferrramenta espetacular e de muita valia ara os contribuintes. No entanto, acredito que esse instrumento pode alcançar uma excelência  ao informar com precisão se o contribuinte pode ou não solicitar o seu beneficio. Entao não precisaria constar mais  a informação onde diz que que o pedido poderá ser concedido, informando logo em qual situação o contribuinte se encontra para que não se crie expectativa em relação à solicitaçao.


","77,5"
4677,positive feedback,"Como apresenta várias possibilidades ecategorias de aposentadorias.  Fiquei muito confusa e, sem saber em qual me enquadre e qusl.o melhor e   enquadramento nk meu caso
Preciso de orientação  especializadas par exsd decisão. ","32,5"
4687,criticism,"Sugiro que a fundamentação da concessão da aposentadoria seja mais detalhada, e não informando somente os artigos em que a aposentadoria está sendo concedida. Por exemplo: informar principalmente idade mínima e tempo necessário para cada artigo da Lei. Isso facilita o entendimento por parte do usuário que não precisará consultar os artigos para saber o diz.","92,5"
4702,positive feedback,Ainda não tenho conhecimento suficiente sobre as regras de aposentaria para entender melhor o simulador.,65
4704,criticism,"Parabéns! Excelente. Apenas acrescentou que, nos casos onde não se pode calcular por erro no cadastro funcional, o erro seja melhor identificado. Pedi apoio à Gestão de Pessoas. Ainda não identificaram qual o problema","97,5"
4705,suggestion,Não consegui abrir uma possível conclusão de Férias. Com valores de referência. ,"52,5"
4744,not pertinent,"Eu quero parabenizar a equipe do Governo Digital. Além de ser fácil a utilização, como já tinha tempo de aposentadoria, o requerimento do Abono Permanência foi prático e super célere. Fiz a solicitação na quinta-feira e na segunda, já recebi a informação de deferimento e valores à receber. 

Gratidão e, parabéns, mais uma vez. ",100
4759,not pertinent,"Oi boa tarde

Prezados

Solicito que seja corrigido alguns dados meus nessa simulação.

CONTRATO: 15/12/1981

NASCIMENTO: 18/01/1955.

Raimunda Leonila Xavier.",50
4776,positive feedback,O resultado poderia fornecer mais detalhes referente ao tipo de aposentadoria que seria ,90
4777,suggestion,"Acho que poderia ter um botão com uma interrogação (""?""), ou informação (""i"") ou algo similar onde fosse possível clicar para obter esclarecimentos mais específicos de cada regra (lei) de aposentadoria e um LINK para o fundamento legal.","92,5"
4783,suggestion,Deixar a opção para excluir ou incluir vínculos com um icone mais a vista...,60
4785,suggestion,Mais detalhamento nas opções apresentadas para fazer as escolhas e poder simular.,70
4795,not pertinent,Não consegui simular minha aposentadoria como pessoa com deficiência. Aposentadoria especial. Deveria ter essa função ,"47,5"
4814,positive feedback,Não é intuitivo. Ainda mais pq aparece muitas opções. ,20
4819,suggestion,"Minha crítica é a esta pesquisa. digitei um texto apontando várias inconsistências do simulador, no entanto não consegui colar as observações nesta pesquisa, tendo em vista a limitação de caracteres desta pergunta. Sugiro que seja disponibilizada uma nova pesquisa, sem  limitação de caracteres para que os usuários possam apontar as inconsistências. 
Outra opção seria colocar a possibilidade de enviar esta resposta por e-mail ou a possibilidade de juntar arquivos demonstrando os erros encontrados","72,5"
4830,criticism,"Gostei da ferramenta, principalmente porque os servidores perderam o suporte que era dado pelas sogp, quando desejavam se aposentar. Quase ninguém tem segurança, por si só, quanto ao fundamento legal a indicar no requerimento da aposentadoria.",65
4842,suggestion,"O simulador de aposentadoria  é muito positivo para subsidiar a decisão do servidor nessa questão de extrema importância.
Acho um pouco complexo pois apresenta situações diversificadas que atingem o mesmo resultado; é necessária um avaliação muito criteriosa; acho que poderia ser mais claro e objetivo.","57,5"
4848,criticism,"O simulador é muito útil ao servidor por simplificar o processo de informações  sobre a aposentadoria, evitando longa espera por respostas.",70
4858,criticism,Incluir um módulo relativo ao servidor com deficiência.,"37,5"
